time,current,voltage
2e-05,-3.88793864e-09,0.00125663706
4e-05,-7.77587721e-09,0.0025132741
8e-05,-1.55517539e-08,0.00502654803
0.00016,-3.11035039e-08,0.0100530948
0.00032,-6.22069764e-08,0.0201061794
0.00064,-1.24413701e-07,0.0402122776
0.00128,-2.48825391e-07,0.0804239049
0.002,-3.88783632e-07,0.125660399
0.002128,-4.13664346e-07,0.1337022
0.002384,-4.63424956e-07,0.149785536
0.002896,-5.6294245e-07,0.181951005
0.00392,-7.6195893e-07,0.246275962
0.00592,-1.15056448e-06,0.371878803
0.00792,-1.53898834e-06,0.497422919
0.00992,-1.92716918e-06,0.622888487
0.01192,-2.3150457e-06,0.748255693
0.01392,-2.70255665e-06,0.873504741
0.01592,-3.08964083e-06,0.998615853
0.01792,-3.47623711e-06,1.12356927
0.01992,-3.86228447e-06,1.24834527
0.02192,-4.24772192e-06,1.37292413
0.02392,-4.6324886e-06,1.4972862
0.02592,-5.01652377e-06,1.62141182
0.02617,-5.0644795e-06,1.63690992
0.02667,-5.16033598e-06,1.66789397
0.026795,-5.18429461e-06,1.67563743
0.027045,-5.23219931e-06,1.69112122
0.0271075,-5.24417391e-06,1.69499152
0.0272325,-5.26812011e-06,1.70273134
0.02726375,-5.27410573e-06,1.70466613
0.02732625,-5.28607685e-06,1.70853551
0.02745125,-5.31001754e-06,1.71627348
0.02770125,-5.35788907e-06,1.73174624
0.02820125,-5.45359237e-06,1.76267892
0.02920125,-5.64483653e-06,1.82449176
0.03120125,-6.02664879e-06,1.94789893
0.03145125,-6.07431038e-06,1.9633036
0.03195125,-6.16958626e-06,1.99409836
0.03295125,-6.35995589e-06,2.05562855
0.0329825,-6.36590076e-06,2.05755007
0.033045,-6.37778994e-06,2.06139288
0.03317,-6.40156569e-06,2.06907754
0.03342,-6.44910533e-06,2.08444303
0.03392,-6.54413676e-06,2.11515855
0.03492,-6.73400491e-06,2.17652665
0.03517,-6.7814307e-06,2.19185534
0.03567,-6.87623196e-06,2.22249646
0.035795,-6.89992171e-06,2.23015333
0.036045,-6.94728843e-06,2.24546293
0.036545,-7.04197032e-06,2.27606547
0.036560625,-7.04492801e-06,2.27702144
0.036591875,-7.05084333e-06,2.27893331
0.036654375,-7.0626735e-06,2.28275679
0.036779375,-7.08633094e-06,2.2904027
0.037029375,-7.13363425e-06,2.30569026
0.037529375,-7.22819425e-06,2.33624829
0.038529375,-7.41712519e-06,2.39729487
0.040529375,-7.79421014e-06,2.51910169
0.042529375,-8.17023843e-06,2.64051072
0.044529375,-8.54516769e-06,2.76150279
0.046529375,-8.91895815e-06,2.88205878
0.048529375,-9.29156996e-06,3.00215966
0.050529375,-9.66296318e-06,3.12178646
0.052529375,-1.00330978e-05,3.2409203
0.054529375,-1.04019336e-05,3.35954236
0.056529375,-1.07694303e-05,3.47763391
0.056779375,-1.08152841e-05,3.49235712
0.057279375,-1.09069521e-05,3.52177766
0.057295,-1.09098178e-05,3.52269649
0.05732625,-1.0915541e-05,3.52453406
0.05738875,-1.09269862e-05,3.52820878
0.05751375,-1.09498721e-05,3.53555659
0.05776375,-1.09956274e-05,3.55024566
0.05826375,-1.10870703e-05,3.57959749
0.05926375,-1.12696829e-05,3.63819488
0.06126375,-1.16337946e-05,3.75495644
0.06326375,-1.19964855e-05,3.87112506
0.06526375,-1.23576604e-05,3.98668239
0.06551375,-1.24027183e-05,4.00108316
0.06557625,-1.24140438e-05,4.00468181
0.06570125,-1.24365556e-05,4.01187726
0.0657325,-1.24421803e-05,4.01367574
0.065795,-1.24534319e-05,4.01727223
0.06592,-1.24759281e-05,4.02446334
0.06617,-1.25209015e-05,4.03883813
0.06667,-1.26107786e-05,4.06755776
0.06767,-1.27902066e-05,4.12487631
0.06967,-1.31478235e-05,4.23902263
0.07167,-1.35038672e-05,4.35249956
0.07367,-1.38582224e-05,4.46528917
0.07567,-1.4210848e-05,4.57737366
0.07767,-1.45617025e-05,4.68873534
0.07967,-1.49107442e-05,4.79935661
0.08167,-1.52579316e-05,4.90922
0.08367,-1.56032226e-05,5.01830817
0.08567,-1.59467286e-05,5.1266039
0.08592,-1.59893939e-05,5.14008429
0.08642,-1.60749862e-05,5.16700699
0.086435625,-1.60776547e-05,5.16784751
0.086466875,-1.60829928e-05,5.16952839
0.086529375,-1.60936669e-05,5.17288955
0.086654375,-1.61150086e-05,5.17960947
0.086904375,-1.61576682e-05,5.19303974
0.087404375,-1.62428906e-05,5.21986179
0.088404375,-1.64129464e-05,5.27335108
0.090404375,-1.67514805e-05,5.379703
0.092404375,-1.70880806e-05,5.48520541
0.094404375,-1.7422587e-05,5.58984164
0.096404375,-1.7754959e-05,5.69359517
0.098404375,-1.80851552e-05,5.79644962
0.100404375,-1.84131344e-05,5.89838873
0.102404375,-1.87388548e-05,5.99939643
0.104404375,-1.90622749e-05,6.09945675
0.106404375,-1.93833527e-05,6.19855389
0.106654375,-1.94233667e-05,6.21087253
0.107154375,-1.95033397e-05,6.2354638
0.107279375,-1.95232456e-05,6.24160202
0.107529375,-1.95631201e-05,6.25386689
0.108029375,-1.96426721e-05,6.2783503
0.108045,-1.96451685e-05,6.27911441
0.10807625,-1.96501364e-05,6.28064245
0.10813875,-1.96600691e-05,6.2836978
0.10826375,-1.96799271e-05,6.28980559
0.10851375,-1.97196134e-05,6.30200952
0.10901375,-1.97988671e-05,6.32637072
0.11001375,-1.9956896e-05,6.37490555
0.11201375,-2.02710197e-05,6.47121829
0.11401375,-2.05828009e-05,6.56650916
0.11601375,-2.08920358e-05,6.6607631
0.11801375,-2.11986821e-05,6.75396522
0.12001375,-2.15026969e-05,6.84610082
0.12201375,-2.18040369e-05,6.93715533
0.12401375,-2.21026588e-05,7.02711439
0.12601375,-2.23985192e-05,7.11596379
0.12801375,-2.26915742e-05,7.2036895
0.13001375,-2.29817801e-05,7.29027765
0.13201375,-2.32690928e-05,7.37571459
0.13401375,-2.35534681e-05,7.45998682
0.13601375,-2.38348616e-05,7.54308103
0.13801375,-2.41132288e-05,7.6249841
0.14001375,-2.4388525e-05,7.70568309
0.14026375,-2.44227797e-05,7.71568517
0.14076375,-2.44912111e-05,7.73563219
0.140779375,-2.44933562e-05,7.7362543
0.140810625,-2.44976151e-05,7.73749831
0.140873125,-2.45061291e-05,7.73998542
0.140998125,-2.45231474e-05,7.74495608
0.141248125,-2.45571457e-05,7.75488305
0.141748125,-2.46249886e-05,7.77467957
0.142748125,-2.47600567e-05,7.81404221
0.144748125,-2.50277018e-05,7.8918405
0.146748125,-2.52923272e-05,7.96839258
0.148748125,-2.55536835e-05,8.04368636
0.148779375,-2.55580113e-05,8.04485278
0.148841875,-2.55661269e-05,8.04718468
0.148966875,-2.55823417e-05,8.05184477
0.149216875,-2.56147306e-05,8.06115004
0.149716875,-2.5679346e-05,8.07970088
0.150716875,-2.58079248e-05,8.11656315
0.152716875,-2.60624533e-05,8.18932498
0.154716875,-2.63137857e-05,8.26079361
0.156716875,-2.65616667e-05,8.33095777
0.158716875,-2.68060511e-05,8.39980637
0.160716875,-2.70468928e-05,8.46732855
0.162716875,-2.72841455e-05,8.53351363
0.164716875,-2.75177628e-05,8.59835118
0.166716875,-2.77476983e-05,8.66183095
0.168716875,-2.79739055e-05,8.72394291
0.168966875,-2.80019817e-05,8.73161024
0.169029375,-2.80091771e-05,8.73352371
0.169154375,-2.80231655e-05,8.7373466
0.169404375,-2.805107e-05,8.74497622
0.169904375,-2.81066946e-05,8.7601707
0.170904375,-2.82172039e-05,8.79030013
0.172904375,-2.84352433e-05,8.84951675
0.174904375,-2.8649622e-05,8.90733592
0.176904375,-2.88600803e-05,8.96374853
0.178904375,-2.90665728e-05,9.01874565
0.179154375,-2.90921671e-05,9.02552033
0.179654375,-2.91432327e-05,9.03900286
0.180654375,-2.92442364e-05,9.06570016
0.180685625,-2.92473727e-05,9.06652869
0.180748125,-2.9253652e-05,9.0681847
0.180873125,-2.92661924e-05,9.07149253
0.181123125,-2.92912212e-05,9.07809138
0.181623125,-2.9341084e-05,9.09122189
0.182623125,-2.94400193e-05,9.11721358
0.184623125,-2.96347096e-05,9.16811617
0.186623125,-2.98254609e-05,9.217571
0.188623125,-3.00120192e-05,9.26557028
0.190623125,-3.01943394e-05,9.31210641
0.192623125,-3.03723754e-05,9.35717205
0.194623125,-3.05460814e-05,9.40076009
0.196623125,-3.07154116e-05,9.44286363
0.198623125,-3.08803204e-05,9.48347604
0.200623125,-3.10407627e-05,9.5225909
0.202623125,-3.11966933e-05,9.56020203
0.204623125,-3.13480677e-05,9.5963035
0.206623125,-3.14948414e-05,9.6308896
0.208623125,-3.16369704e-05,9.66395486
0.210623125,-3.17744111e-05,9.69549408
0.212623125,-3.19071203e-05,9.72550227
0.214623125,-3.20350552e-05,9.75397468
0.216623125,-3.21581734e-05,9.78090684
0.218623125,-3.22764333e-05,9.80629447
0.220623125,-3.23897937e-05,9.83013357
0.222623125,-3.24982137e-05,9.85242039
0.224623125,-3.26016535e-05,9.87315139
0.226623125,-3.27000735e-05,9.8923233
0.228623125,-3.27934352e-05,9.90993311
0.230623125,-3.28817004e-05,9.92597802
0.232623125,-3.2964832e-05,9.9404555
0.234623125,-3.30427934e-05,9.95336327
0.236623125,-3.3115549e-05,9.96469929
0.238623125,-3.3183064e-05,9.97446177
0.240623125,-3.32453045e-05,9.98264917
0.242623125,-3.33022374e-05,9.98926018
0.244623125,-3.33538308e-05,9.99429378
0.246623125,-3.34000535e-05,9.99774917
0.248623125,-3.34408755e-05,9.99962579
0.250623125,-3.34762677e-05,9.99992336
0.252623125,-3.35062024e-05,9.99864182
0.254623125,-3.35306526e-05,9.99578138
0.256623125,-3.35495927e-05,9.99134249
0.258623125,-3.35629981e-05,9.98532585
0.260623125,-3.35708457e-05,9.97773242
0.262623125,-3.35731133e-05,9.96856338
0.264623125,-3.35697801e-05,9.95782019
0.266623125,-3.35608266e-05,9.94550455
0.268623125,-3.35462346e-05,9.9316184
0.270623125,-3.35259871e-05,9.91616393
0.272623125,-3.35000687e-05,9.89914358
0.274623125,-3.34684651e-05,9.88056004
0.276623125,-3.34311636e-05,9.86041625
0.278623125,-3.33881527e-05,9.83871538
0.280623125,-3.33394227e-05,9.81546087
0.282623125,-3.3284965e-05,9.79065638
0.284623125,-3.32247725e-05,9.76430583
0.286623125,-3.31588399e-05,9.73641339
0.288623125,-3.30871629e-05,9.70698345
0.290623125,-3.30097391e-05,9.67602067
0.292623125,-3.29265674e-05,9.64352993
0.294623125,-3.28376484e-05,9.60951637
0.296623125,-3.27429841e-05,9.57398535
0.298623125,-3.2642578e-05,9.53694249
0.300623125,-3.25364353e-05,9.49839364
0.302623125,-3.24245626e-05,9.45834488
0.304623125,-3.23069682e-05,9.41680253
0.306623125,-3.21836618e-05,9.37377317
0.308623125,-3.20546548e-05,9.32926358
0.310623125,-3.191996e-05,9.28328078
0.312623125,-3.17795919e-05,9.23583206
0.314623125,-3.16335664e-05,9.18692488
0.316623125,-3.14819012e-05,9.13656699
0.318623125,-3.13246153e-05,9.08476632
0.320623125,-3.11617292e-05,9.03153106
0.322623125,-3.09932652e-05,8.97686963
0.324623125,-3.08192468e-05,8.92079063
0.326623125,-3.06396994e-05,8.86330295
0.328623125,-3.04546496e-05,8.80441564
0.330623125,-3.02641255e-05,8.74413802
0.332623125,-3.00681568e-05,8.68247959
0.334623125,-2.98667747e-05,8.6194501
0.336623125,-2.96600117e-05,8.5550595
0.338623125,-2.94479019e-05,8.48931796
0.340623125,-2.92304809e-05,8.42223585
0.342623125,-2.90077854e-05,8.35382378
0.344623125,-2.87798538e-05,8.28409254
0.346623125,-2.85467258e-05,8.21305314
0.348623125,-2.83084424e-05,8.14071681
0.350623125,-2.80650462e-05,8.06709497
0.352623125,-2.78165807e-05,7.99219924
0.354623125,-2.75630912e-05,7.91604145
0.356623125,-2.73046241e-05,7.83863362
0.358623125,-2.7041227e-05,7.75998798
0.360623125,-2.67729489e-05,7.68011695
0.362623125,-2.649984e-05,7.59903314
0.364623125,-2.62219518e-05,7.51674935
0.366623125,-2.59393369e-05,7.43327859
0.368623125,-2.56520492e-05,7.34863402
0.370623125,-2.53601439e-05,7.26282902
0.372623125,-2.50636769e-05,7.17587713
0.374623125,-2.47627059e-05,7.08779209
0.376623125,-2.44572891e-05,6.9985878
0.378623125,-2.41474862e-05,6.90827836
0.380623125,-2.38333579e-05,6.81687801
0.382623125,-2.3514966e-05,6.72440121
0.384623125,-2.31923731e-05,6.63086254
0.386623125,-2.28656431e-05,6.53627679
0.388623125,-2.25348408e-05,6.44065887
0.390623125,-2.2200032e-05,6.34402391
0.392623125,-2.18612836e-05,6.24638715
0.394623125,-2.15186632e-05,6.14776401
0.396623125,-2.11722394e-05,6.04817007
0.398623125,-2.0822082e-05,5.94762106
0.400623125,-2.04682612e-05,5.84613284
0.402623125,-2.01108486e-05,5.74372145
0.404623125,-1.97499161e-05,5.64040307
0.406623125,-1.9385537e-05,5.53619399
0.408623125,-1.9017785e-05,5.43111069
0.410623125,-1.86469047e-05,5.32516976
0.412623125,-1.8273075e-05,5.21838791
0.414623125,-1.78963033e-05,5.11078203
0.416623125,-1.75166534e-05,5.00236909
0.418623125,-1.71342375e-05,4.89316622
0.420623125,-1.67491403e-05,4.78319066
0.422623125,-1.63613976e-05,4.67245978
0.424623125,-1.59710713e-05,4.56099107
0.426623125,-1.5578223e-05,4.44880212
0.428623125,-1.51829147e-05,4.33591065
0.430623125,-1.47852088e-05,4.22233449
0.432623125,-1.43851682e-05,4.10809158
0.434623125,-1.3982856e-05,3.99319996
0.436623125,-1.35783357e-05,3.87767776
0.438623125,-1.31716713e-05,3.76154323
0.440623125,-1.27629269e-05,3.6448147
0.442623125,-1.23521671e-05,3.52751062
0.444623125,-1.19394567e-05,3.40964951
0.446623125,-1.1524861e-05,3.29124997
0.448623125,-1.11084453e-05,3.17233071
0.450623125,-1.06902755e-05,3.0529105
0.452623125,-1.02704176e-05,2.93300819
0.454623125,-9.84893788e-06,2.81264274
0.456623125,-9.42590288e-06,2.69183313
0.458623125,-9.00137942e-06,2.57059845
0.460623125,-8.57543454e-06,2.44895784
0.462623125,-8.1481355e-06,2.32693052
0.464623125,-7.71954978e-06,2.20453575
0.466623125,-7.28974505e-06,2.08179285
0.468623125,-6.85878918e-06,1.95872122
0.470623125,-6.42675023e-06,1.83534028
0.472623125,-5.99369643e-06,1.71166951
0.474623125,-5.55969614e-06,1.58772846
0.476623125,-5.12481792e-06,1.46353669
0.478623125,-4.68913043e-06,1.3391138
0.480623125,-4.25270247e-06,1.21447946
0.482623125,-3.81560296e-06,1.08965333
0.484623125,-3.37790093e-06,0.964655136
0.486623125,-2.93966548e-06,0.839504611
0.488623125,-2.50096583e-06,0.714221518
0.490623125,-2.06187124e-06,0.588825642
0.492623125,-1.62245106e-06,0.463336783
0.494623125,-1.18277468e-06,0.337774758
0.496623125,-7.42911523e-07,0.212159395
0.498623125,-3.02931052e-07,0.0865105286
0.500623125,1.37097256e-07,-0.0391519984
0.502623125,5.77103914e-07,-0.164808343
0.504623125,1.01701944e-06,-0.290438662
0.506623125,1.45677437e-06,-0.416023118
0.508623125,1.89629925e-06,-0.541541879
0.510623125,2.33552469e-06,-0.666975124
0.512623125,2.77438132e-06,-0.792303046
0.514623125,3.21279985e-06,-0.917505854
0.516623125,3.65071104e-06,-1.04256378
0.518623125,4.08804573e-06,-1.16745707
0.520623125,4.52473488e-06,-1.292166
0.522623125,4.96070952e-06,-1.41667089
0.524623125,5.39590262e-06,-1.54095207
0.526623125,5.83039865e-06,-1.66498991
0.528623125,6.26429063e-06,-1.78876484
0.530623125,6.69762305e-06,-1.91225729
0.532623125,7.13064317e-06,-2.03544778
0.534623125,7.56353368e-06,-2.15831685
0.536623125,7.9963366e-06,-2.2808451
0.538623125,8.42948465e-06,-2.40301317
0.540623125,8.86293219e-06,-2.52480178
0.542623125,9.29677467e-06,-2.64619169
0.544623125,9.73110769e-06,-2.76716374
0.546623125,1.01665225e-05,-2.88769882
0.548623125,1.06022675e-05,-3.0077779
0.550623125,1.10389343e-05,-3.12738202
0.552623125,1.14760027e-05,-3.24649229
0.554623125,1.19148624e-05,-3.3650899
0.556623125,1.23550297e-05,-3.48315612
0.558623125,1.27975099e-05,-3.60067232
0.560623125,1.32407851e-05,-3.71761992
0.562623125,1.36847861e-05,-3.83398047
0.564623125,1.41316001e-05,-3.94973559
0.566623125,1.45804196e-05,-4.064867
0.568623125,1.50313829e-05,-4.17935652
0.570623125,1.54859636e-05,-4.29318607
0.572623125,1.59417712e-05,-4.40633768
0.574623125,1.63987155e-05,-4.51879347
0.576623125,1.68598333e-05,-4.6305357
0.578623125,1.73238804e-05,-4.74154671
0.580623125,1.77910204e-05,-4.85180898
0.582623125,1.82632656e-05,-4.96130508
0.584623125,1.87372064e-05,-5.07001774
0.586623125,1.92147495e-05,-5.17792979
0.588623125,1.96960713e-05,-5.28502418
0.590623125,2.01791267e-05,-5.39128401
0.592623125,2.06682287e-05,-5.49669249
0.594623125,2.11612567e-05,-5.60123297
0.596623125,2.16585057e-05,-5.70488896
0.598623125,2.21601694e-05,-5.80764408
0.600623125,2.26664467e-05,-5.9094821
0.602623125,2.31775448e-05,-6.01038695
0.604623125,2.369368e-05,-6.11034269
0.606623125,2.42150785e-05,-6.20933354
0.608623125,2.47419767e-05,-6.30734386
0.610623125,2.52781014e-05,-6.40435818
0.612623125,2.58132979e-05,-6.50036117
0.614623125,2.63582751e-05,-6.59533768
0.616623125,2.69138011e-05,-6.68927271
0.618623125,2.74724419e-05,-6.78215143
0.620623125,2.80339838e-05,-6.87395917
0.622623125,2.86072464e-05,-6.96468143
0.624623125,2.91884306e-05,-7.05430389
0.626623125,2.97779208e-05,-7.14281239
0.628623125,3.03761213e-05,-7.23019295
0.630623125,3.09889137e-05,-7.31643179
0.632623125,3.16003982e-05,-7.40151528
0.634623125,3.22274438e-05,-7.48542998
0.636623125,3.28650964e-05,-7.56816264
0.638623125,3.35139167e-05,-7.64970021
0.640623125,3.41744993e-05,-7.7300298
0.642623125,3.48474814e-05,-7.80913872
0.644623125,3.55335474e-05,-7.8870145
0.646623125,3.62334331e-05,-7.96364482
0.648623125,3.69479312e-05,-8.03901759
0.650623125,3.76778966e-05,-8.1131209
0.652623125,3.84242535e-05,-8.18594307
0.654623125,3.9188002e-05,-8.25747257
0.656623125,3.99702265e-05,-8.32769812
0.658623125,4.0772105e-05,-8.39660864
0.660623125,4.15949193e-05,-8.46419323
0.662623125,4.24400666e-05,-8.53044123
0.664623125,4.3309073e-05,-8.59534217
0.666623125,4.42036088e-05,-8.65888581
0.668623125,4.51255053e-05,-8.72106211
0.670623125,4.60767747e-05,-8.78186126
0.672623125,4.7059633e-05,-8.84127364
0.674623125,4.8076526e-05,-8.89928989
0.676623125,4.9130159e-05,-8.95590083
0.678623125,5.02235323e-05,-9.01109754
0.680623125,5.13599813e-05,-9.06487129
0.682623125,5.25432239e-05,-9.11721358
0.684623125,5.37774162e-05,-9.16811617
0.686623125,5.50672178e-05,-9.217571
0.688623125,5.64178687e-05,-9.26557028
0.690623125,5.78352816e-05,-9.31210641
0.692623125,5.9326151e-05,-9.35717205
0.694623125,6.0898085e-05,-9.40076009
0.696623125,6.25597644e-05,-9.44286363
0.698623125,6.43211354e-05,-9.48347604
0.700623125,6.61936463e-05,-9.5225909
0.702623125,6.8190538e-05,-9.56020203
0.704623125,7.04030804e-05,-9.5963035
0.706623125,7.27071781e-05,-9.6308896
0.708623125,7.51919602e-05,-9.66395486
0.710623125,7.78829108e-05,-9.69549408
0.712623125,8.08104713e-05,-9.72550227
0.714623125,8.40113003e-05,-9.75397468
0.716623125,8.7529939e-05,-9.78090684
0.716873125,8.79947777e-05,-9.78416484
0.717373125,8.89300255e-05,-9.79060842
0.71738875,8.89716201e-05,-9.79080822
0.71742,8.90322481e-05,-9.79120755
0.7174825,8.91527336e-05,-9.79200507
0.7176075,8.93939833e-05,-9.79359558
0.7178575,8.98803819e-05,-9.79675849
0.7183575,9.08674298e-05,-9.80301176
0.7193575,9.29004243e-05,-9.815228
0.7213575,9.74697492e-05,-9.83849755
0.7233575,0.000102545248,-9.86021348
0.7253575,0.000108301817,-9.88037238
0.7273575,0.000114894194,-9.89897104
0.7293575,0.000122527509,-9.91600655
0.7313575,0.000131479601,-9.9314762
0.7333575,0.000142136348,-9.94537756
0.7353575,0.000155049827,-9.95770843
0.7373575,0.000171038575,-9.96846685
0.7393575,0.000191370396,-9.97765115
0.7413575,0.000218119606,-9.98525985
0.7433575,0.000254929634,-9.99129177
0.7453575,0.000308842743,-9.99574595
0.7473575,0.000395468757,-9.99862168
0.7493575,0.000557708739,-9.99991852
0.7513575,0.000971704466,-9.99963625
0.7516075,0.0010735026,-9.99948993
0.7521075,0.00136073926,-9.99912328
0.752198728,0.0014310067,-9.99904574
0.752221535,0.0014497442,-9.99902584
0.752267149,0.0014877179,-9.99898543
0.752278553,0.00149884696,-9.9989752
0.75230136,0.00151916472,-9.99895458
0.752307061,0.00152404637,-9.99894939
0.752318465,0.00153520762,-9.99893898
0.752321316,0.00153779123,-9.99893637
0.752327017,0.00154330592,-9.99893114
0.752328443,0.00154463304,-9.99892983
0.752331294,0.00154737384,-9.99892721
0.752336996,0.00155279804,-9.99892195
0.752348399,0.0015610556,-9.99891141
0.75235125,0.00156296266,-9.99890876
0.752356952,0.00156680816,-9.99890346
0.752368355,0.00157458168,-9.99889283
0.752391162,0.001590303,-9.9988714
0.752436776,0.00162244981,-9.99882793
0.752528004,0.00166846118,-9.99873853
0.75271046,0.00169189325,-9.99854988
0.752966028,0.00169193362,-9.99826353
0.753341337,0.00169187399,-9.99779629
0.753924405,0.00169172772,-9.99696013
0.754070172,0.00169150959,-9.99673012
0.754361706,0.00169125255,-9.99624495
0.754944775,0.0016910883,-9.99517399
0.756110911,0.00169069241,-9.99262965
0.758110911,0.00168980289,-9.987017
0.760110911,0.00168864655,-9.97982729
0.762110911,0.00168722308,-9.97106165
0.764110911,0.00168553104,-9.96072146
0.766110911,0.00168357348,-9.94880836
0.768110911,0.00168134917,-9.93532423
0.770110911,0.0016788584,-9.92027119
0.772110911,0.00167610152,-9.90365163
0.774110911,0.00167307893,-9.88546817
0.776110911,0.00166979107,-9.86572367
0.778110911,0.00166623843,-9.84442127
0.780110911,0.00166242155,-9.82156431
0.782110911,0.001658341,-9.79715642
0.784110911,0.00165399742,-9.77120144
0.786110911,0.00164939147,-9.74370348
0.788110911,0.00164452385,-9.71466687
0.790110911,0.00163939533,-9.68409621
0.792110911,0.0016340067,-9.65199631
0.794110911,0.0016283588,-9.61837225
0.796110911,0.00162245251,-9.58322934
0.798110911,0.00161628874,-9.54657313
0.800110911,0.00160986845,-9.5084094
0.802110911,0.00160319266,-9.46874418
0.802360911,0.00160234103,-9.46368077
0.802860911,0.00160062481,-9.45348389
0.803860911,0.00159718672,-9.43281035
0.805860911,0.00159014959,-9.39034691
0.807860911,0.00158286189,-9.34640062
0.809860911,0.00157532186,-9.30097843
0.811860911,0.0015675326,-9.25408751
0.813860911,0.00155949453,-9.20573527
0.815860911,0.00155120879,-9.15592932
0.817860911,0.00154267655,-9.10467756
0.819860911,0.00153389948,-9.05198805
0.821860911,0.00152487747,-8.99786914
0.823860911,0.00151561319,-8.94232935
0.825860911,0.00150610748,-8.88537747
0.827860911,0.00149636202,-8.82702249
0.829860911,0.00148637733,-8.76727361
0.831860911,0.00147615594,-8.70614028
0.833860911,0.00146569842,-8.64363215
0.835860911,0.00145500689,-8.57975909
0.836110911,0.00145365416,-8.57167949
0.836610911,0.0014509376,-8.55545685
0.837610911,0.00144546098,-8.52275842
0.839610911,0.00143433448,-8.45635347
0.841610911,0.00142297842,-8.38861317
0.843610911,0.00141139442,-8.31954821
0.845610911,0.00139958417,-8.24916949
0.847610911,0.00138754941,-8.17748813
0.849610911,0.00137529194,-8.10451546
0.851610911,0.00136281359,-8.03026298
0.853610911,0.0013501162,-7.95474244
0.855610911,0.00133720169,-7.87796575
0.857610911,0.001324072,-7.79994503
0.859610911,0.00131072912,-7.72069262
0.861610911,0.00129717505,-7.64022101
0.863610911,0.00128341188,-7.55854293
0.865610911,0.00126944169,-7.47567127
0.867610911,0.00125526663,-7.39161911
0.869610911,0.00124088888,-7.30639973
0.871610911,0.00122631068,-7.22002659
0.873610911,0.00121153429,-7.13251331
0.875610911,0.001196562,-7.04387374
0.877610911,0.00118139616,-6.95412185
0.879610911,0.00116603917,-6.86327182
0.881610911,0.00115049341,-6.77133801
0.883610911,0.00113476136,-6.67833492
0.885610911,0.0011188455,-6.58427725
0.887610911,0.00110274836,-6.48917984
0.889610911,0.00108647251,-6.39305772
0.891610911,0.00107002058,-6.29592606
0.893610911,0.00105339523,-6.1978002
0.895610911,0.00103659912,-6.09869563
0.897610911,0.00101963497,-5.99862801
0.899610911,0.00100250552,-5.89761314
0.901610911,0.000985213568,-5.79566696
0.903610911,0.000967761919,-5.69280558
0.905610911,0.000950153431,-5.58904525
0.907610911,0.000932390988,-5.48440233
0.909610911,0.000914477494,-5.37889337
0.911610911,0.00089641589,-5.27253501
0.913610911,0.000878209167,-5.16534407
0.915610911,0.000859860929,-5.05733745
0.917610911,0.000841374637,-4.94853222
0.919610911,0.000822753182,-4.83894557
0.921610911,0.000803999613,-4.72859478
0.923610911,0.000785117197,-4.6174973
0.925610911,0.000766109113,-4.50567066
0.927610911,0.000746978362,-4.39313252
0.929610911,0.000727728072,-4.27990066
0.931610911,0.000708361825,-4.16599294
0.933610911,0.000688883005,-4.05142738
0.935610911,0.000669294577,-3.93622204
0.937610911,0.000649599708,-3.82039513
0.939610911,0.000629802213,-3.70396493
0.941610911,0.000609905559,-3.58694984
0.943610911,0.000589912589,-3.46936832
0.945610911,0.000569826469,-3.35123895
0.947610911,0.000549650369,-3.23258038
0.949610911,0.000529387477,-3.11341135
0.951610911,0.000509040991,-2.99375068
0.953610911,0.000488614126,-2.87361726
0.955610911,0.000468110106,-2.75303006
0.957610911,0.000447532169,-2.63200812
0.959610911,0.000426883564,-2.51057056
0.961610911,0.000406167553,-2.38873655
0.963610911,0.000385387407,-2.26652533
0.965610911,0.000364546407,-2.14395621
0.967610911,0.000343647843,-2.02104852
0.969610911,0.000322695017,-1.89782169
0.971610911,0.000301691236,-1.77429517
0.973610911,0.000280639818,-1.65048847
0.975610911,0.000259544086,-1.52642114
0.977610911,0.000238407373,-1.40211277
0.979610911,0.000217233014,-1.27758299
0.981610911,0.000196024356,-1.15285146
0.983610911,0.000174784745,-1.02793789
0.985610911,0.000153517537,-0.902861991
0.987610911,0.000132226089,-0.77764352
0.989610911,0.000110913764,-0.652302251
0.991610911,8.95839273e-05,-0.526857975
0.993610911,6.82399468e-05,-0.401330503
0.995610911,4.68851931e-05,-0.275739656
0.997610911,2.55230383e-05,-0.150105266
0.999610911,4.15685569e-06,-0.0244471728
1.00161091,-1.72099807e-05,0.101214781
1.00361091,-3.8574097e-05,0.226860751
1.00561091,-5.99321194e-05,0.352470898
1.00761091,-8.12806753e-05,0.478025385
1.00961091,-0.000102616394,0.603504387
1.01161091,-0.000123935905,0.728888088
1.01361091,-0.000145235843,0.85415669
1.01561091,-0.000166512845,0.97929041
1.01761091,-0.00018776355,1.10426949
1.01961091,-0.000208984602,1.22907419
1.02161091,-0.000230172773,1.35368481
1.02361091,-0.000251324989,1.47808166
1.02561091,-0.000272438029,1.60224511
1.02761091,-0.000293508799,1.72615555
1.02961091,-0.00031325734,1.8497934
1.03161091,-0.000328190497,1.97313915
1.03361091,-0.000336346384,2.09617332
1.03561091,-0.000337250935,2.21887648
1.03761091,-0.000332608961,2.34122925
1.03961091,-0.000323566378,2.46321232
1.04161091,-0.000311436983,2.58480642
1.04361091,-0.000297432069,2.70599234
1.04561091,-0.000282525731,2.82675096
1.04761091,-0.000267438717,2.9470632
1.04961091,-0.000252666145,3.06691007
1.05161091,-0.000238522588,3.18627263
1.05361091,-0.000225188388,3.30513205
1.05561091,-0.000212749577,3.42346954
1.05761091,-0.000201229118,3.54126644
1.05961091,-0.000190609883,3.65850412
1.06161091,-0.000180850822,3.77516408
1.06361091,-0.000171897926,3.89122791
1.06561091,-0.000163691443,4.00667726
1.06761091,-0.00015617045,4.12149391
1.06961091,-0.000149275638,4.23565973
1.07161091,-0.000142950497,4.34915669
1.07361091,-0.000137142423,4.46196687
1.07561091,-0.000131803272,4.57407245
1.07761091,-0.000126889271,4.68545573
1.07961091,-0.000122361048,4.79609912
1.08161091,-0.000118183134,4.90598516
1.08361091,-0.000114323651,5.01509648
1.08561091,-0.000110753986,5.12341586
1.08761091,-0.00010744848,5.2309262
1.08961091,-0.000104384107,5.33761051
1.09161091,-0.000101540184,5.44345195
1.09361091,-9.88981212e-05,5.5484338
1.09561091,-9.64411901e-05,5.6525395
1.09761091,-9.41543158e-05,5.75575259
1.09961091,-9.202389e-05,5.85805678
1.10161091,-9.0037439e-05,5.95943592
1.10361091,-8.81834951e-05,6.05987399
1.10561091,-8.64517709e-05,6.15935514
1.10761091,-8.48330256e-05,6.25786365
1.10961091,-8.33188321e-05,6.35538398
1.11161091,-8.19014907e-05,6.45190072
1.11361091,-8.04946607e-05,6.54739862
1.11561091,-7.92557608e-05,6.64186262
1.11761091,-7.80937884e-05,6.73527779
1.11961091,-7.70031458e-05,6.82762938
1.12161091,-7.5978721e-05,6.91890281
1.12361091,-7.50157862e-05,7.00908366
1.12561091,-7.41099204e-05,7.0981577
1.12761091,-7.32569754e-05,7.18611086
1.12961091,-7.24530854e-05,7.27292925
1.13161091,-7.16946385e-05,7.35859916
1.13361091,-7.09782349e-05,7.44310706
1.13561091,-7.0300658e-05,7.5264396
1.13761091,-6.96588755e-05,7.60858364
1.13961091,-6.90500353e-05,7.68952619
1.14161091,-6.84714358e-05,7.76925447
1.14361091,-6.79205194e-05,7.8477559
1.14561091,-6.73948637e-05,7.92501808
1.14761091,-6.68921741e-05,8.00102881
1.14961091,-6.64102774e-05,8.07577608
1.15161091,-6.5947117e-05,8.14924809
1.15361091,-6.55007479e-05,8.22143324
1.15561091,-6.50693337e-05,8.29232014
1.15761091,-6.46511435e-05,8.36189758
1.15961091,-6.42445494e-05,8.43015457
1.16161091,-6.38480244e-05,8.49708035
1.16361091,-6.34601297e-05,8.56266434
1.16561091,-6.30795262e-05,8.62689619
1.16761091,-6.27049807e-05,8.68976575
1.16961091,-6.23353422e-05,8.7512631
1.17161091,-6.19695501e-05,8.81137852
1.17361091,-6.16066414e-05,8.87010252
1.17386091,-6.15653899e-05,8.87734472
1.17392341,-6.15640415e-05,8.87915185
1.17404841,-6.15420334e-05,8.882762
1.17407966,-6.15362604e-05,8.88366368
1.17414216,-6.15251041e-05,8.88546602
1.17426716,-6.15024432e-05,8.88906657
1.17451716,-6.14570598e-05,8.89625124
1.17501716,-6.13660444e-05,8.9105547
1.17601716,-6.11830087e-05,8.93889766
1.17801716,-6.08128373e-05,8.99452378
1.18001716,-6.04537516e-05,9.04872957
1.18201716,-6.0094413e-05,9.10150645
1.18401716,-5.97343136e-05,9.1528461
1.18601716,-5.95679244e-05,9.20274042
1.18801716,-5.95390307e-05,9.25118151
1.19001716,-5.94913412e-05,9.29816173
1.19201716,-5.9417381e-05,9.34367367
1.19401716,-5.93239986e-05,9.38771013
1.19601716,-5.92098086e-05,9.43026416
1.19801716,-5.90754747e-05,9.47132905
1.19826716,-5.90599088e-05,9.47635713
1.19876716,-5.9022708e-05,9.48634313
1.19976716,-5.89447046e-05,9.50603415
1.20176716,-5.87717173e-05,9.5442896
1.20179841,-5.87718296e-05,9.54487539
1.20186091,-5.87662452e-05,9.54604589
1.20198591,-5.87549481e-05,9.54838245
1.20223591,-5.87321251e-05,9.55303792
1.20273591,-5.86855673e-05,9.56227812
1.20373591,-5.85888346e-05,9.58047531
1.20573591,-5.83811401e-05,9.61573432
1.20598591,-5.83548722e-05,9.62003505
1.20648591,-5.83027603e-05,9.62856527
1.20748591,-5.8190168e-05,9.64534055
1.20751716,-5.81874071e-05,9.64585865
1.20757966,-5.81803055e-05,9.64689372
1.20770466,-5.81659705e-05,9.64895941
1.20795466,-5.81370937e-05,9.65307292
1.20845466,-5.80785171e-05,9.66122849
1.20945466,-5.79581022e-05,9.67725349
1.21145466,-5.77044664e-05,9.70815675
1.21345466,-5.74388264e-05,9.73752697
1.21545466,-5.71593507e-05,9.76535953
1.21745466,-5.6866707e-05,9.79165002
1.21945466,-5.65615765e-05,9.8163943
1.22145466,-5.62446239e-05,9.83958845
1.22345466,-5.59164962e-05,9.86122882
1.22545466,-5.55778216e-05,9.88131199
1.22570466,-5.55357167e-05,9.88371273
1.22620466,-5.54522369e-05,9.88844106
1.22720466,-5.52765575e-05,9.89760487
1.22920466,-5.49274013e-05,9.91475993
1.23120466,-5.45643875e-05,9.93034933
1.23320466,-5.41976558e-05,9.94437062
1.23520466,-5.38233416e-05,9.95682157
1.23720466,-5.34472595e-05,9.96770023
1.23920466,-5.30554249e-05,9.97700487
1.23945466,-5.30112006e-05,9.9780572
1.23995466,-5.29132363e-05,9.980088
1.24007966,-5.28886716e-05,9.98058032
1.24032966,-5.28394261e-05,9.98154647
1.24039216,-5.28270235e-05,9.98178416
1.24051716,-5.28025365e-05,9.98225492
1.24076716,-5.27531467e-05,9.98317797
1.24126716,-5.26749928e-05,9.98495017
1.24226716,-5.25176916e-05,9.98819891
1.24426716,-5.21949227e-05,9.99351332
1.24626716,-5.18678556e-05,9.99724965
1.24826716,-5.15257014e-05,9.99940729
1.25026716,-5.11778218e-05,9.99998591
1.25226716,-5.08216902e-05,9.99898542
1.25426716,-5.04576695e-05,9.99640597
1.25626716,-5.0086144e-05,9.99224797
1.25651716,-5.00424569e-05,9.99161726
1.25701716,-4.99482509e-05,9.99028188
1.25801716,-4.97585249e-05,9.98731533
1.26001716,-4.93706651e-05,9.98019952
1.26201716,-4.89796243e-05,9.97150772
1.26401716,-4.85825434e-05,9.96124131
1.26601716,-4.81797457e-05,9.9494019
1.26801716,-4.77715756e-05,9.93599136
1.27001716,-4.73583691e-05,9.92101182
1.27201716,-4.69404538e-05,9.90446563
1.27401716,-4.65181482e-05,9.88635541
1.27601716,-4.60917618e-05,9.86668402
1.27801716,-4.56615948e-05,9.84545457
1.28001716,-4.52279382e-05,9.82267041
1.28201716,-4.47910734e-05,9.79833513
1.28401716,-4.43512725e-05,9.77245258
1.28601716,-4.3908798e-05,9.74502685
1.28801716,-4.34639029e-05,9.71606227
1.29001716,-4.30168309e-05,9.68556341
1.29201716,-4.25749932e-05,9.65353508
1.29401716,-4.2124994e-05,9.61998235
1.29601716,-4.16769059e-05,9.58491051
1.29801716,-4.12309923e-05,9.54832511
1.30001716,-4.07768685e-05,9.51023191
1.30201716,-4.0325196e-05,9.47063694
1.30226716,-4.02721509e-05,9.46558228
1.30276716,-4.01590782e-05,9.45540292
1.30289216,-4.01307994e-05,9.45284349
1.30314216,-4.00741843e-05,9.44770714
1.30364216,-3.99691685e-05,9.43736453
1.30464216,-3.97693255e-05,9.41639998
1.30664216,-3.93667031e-05,9.3733565
1.30864216,-3.8965355e-05,9.32883285
1.31064216,-3.85564565e-05,9.28283607
1.31264216,-3.81473839e-05,9.23537343
1.31464216,-3.77384177e-05,9.18645241
1.31664216,-3.73224146e-05,9.13608074
1.31864216,-3.69883386e-05,9.08426638
1.31889216,-3.69475045e-05,9.07768855
1.31939216,-3.68656894e-05,9.06446572
1.32039216,-3.67014894e-05,9.03775179
1.32064216,-3.66591608e-05,9.03101751
1.32114216,-3.65777604e-05,9.01748213
1.32214216,-3.6412676e-05,8.99014451
1.32414216,-3.60788624e-05,8.93440562
1.32614216,-3.57437219e-05,8.87725588
1.32814216,-3.54072784e-05,8.81870431
1.33014216,-3.50651654e-05,8.75876017
1.33214216,-3.47220559e-05,8.69743292
1.33414216,-3.43766903e-05,8.63473225
1.33614216,-3.40290187e-05,8.57066805
1.33814216,-3.3680425e-05,8.50525045
1.34014216,-3.33268988e-05,8.43848976
1.34214216,-3.29724946e-05,8.37039654
1.34239216,-3.29293391e-05,8.36179173
1.34289216,-3.28409162e-05,8.34452023
1.34301716,-3.28189171e-05,8.34018948
1.34326716,-3.27748892e-05,8.33151255
1.34376716,-3.2686722e-05,8.31409703
1.34476716,-3.25099486e-05,8.27902001
1.34676716,-3.21546589e-05,8.20788684
1.34876716,-3.17970667e-05,8.13545754
1.35076716,-3.14372007e-05,8.06174357
1.35276716,-3.1075089e-05,7.98675655
1.35476716,-3.0709673e-05,7.91050832
1.35676716,-3.03431669e-05,7.83301094
1.35876716,-2.99745105e-05,7.75427663
1.36076716,-2.9603731e-05,7.67431784
1.36276716,-2.92308509e-05,7.59314718
1.36476716,-2.88558969e-05,7.51077747
1.36676716,-2.8478895e-05,7.42722173
1.36876716,-2.81067267e-05,7.34249314
1.37076716,-2.77343418e-05,7.25660509
1.37276716,-2.73608479e-05,7.16957113
1.37476716,-2.69834321e-05,7.08140502
1.37676716,-2.66042538e-05,6.99212067
1.37876716,-2.62226563e-05,6.90173218
1.38076716,-2.58386788e-05,6.81025383
1.38101716,-2.57911759e-05,6.79874312
1.38151716,-2.56947402e-05,6.77567141
1.38251716,-2.55014305e-05,6.72932759
1.38451716,-2.51124604e-05,6.63584482
1.38651716,-2.4721865e-05,6.54131416
1.38851716,-2.43290497e-05,6.44575056
1.39051716,-2.39340517e-05,6.3491691
1.39251716,-2.35369101e-05,6.25158503
1.39451716,-2.31376638e-05,6.15301377
1.39651716,-2.27363512e-05,6.05347087
1.39851716,-2.23330103e-05,5.95297206
1.40051716,-2.19276789e-05,5.8515332
1.40251716,-2.15203941e-05,5.74917032
1.40451716,-2.11112671e-05,5.64589958
1.40651716,-2.07003658e-05,5.54173729
1.40851716,-2.02876849e-05,5.43669989
1.41051716,-1.98732561e-05,5.33080398
1.41251716,-1.94571103e-05,5.22406626
1.41451716,-1.90392784e-05,5.11650361
1.41651716,-1.86197908e-05,5.008133
1.41851716,-1.81986778e-05,4.89897155
1.42051716,-1.77759694e-05,4.7890365
1.42251716,-1.73516956e-05,4.6783452
1.42451716,-1.6925886e-05,4.56691514
1.42651716,-1.64985701e-05,4.45476391
1.42851716,-1.60697772e-05,4.34190921
1.43051716,-1.56395365e-05,4.22836889
1.43251716,-1.52078769e-05,4.11416085
1.43451716,-1.4774827e-05,3.99930314
1.43651716,-1.43404156e-05,3.88381389
1.43851716,-1.3904671e-05,3.76771134
1.44051716,-1.34676214e-05,3.65101383
1.44251716,-1.30292948e-05,3.53373978
1.44451716,-1.2589719e-05,3.41590771
1.44651716,-1.21488682e-05,3.29753623
1.44851716,-1.17067487e-05,3.17864404
1.45051716,-1.12634196e-05,3.05924989
1.45251716,-1.08189136e-05,2.93937266
1.45451716,-1.0373264e-05,2.81903126
1.45651716,-9.92650399e-06,2.69824471
1.45851716,-9.47866612e-06,2.57703207
1.46051716,-9.0297829e-06,2.45541249
1.46251716,-8.57988649e-06,2.33340517
1.46451716,-8.1290088e-06,2.21102938
1.46651716,-7.67718148e-06,2.08830445
1.46851716,-7.22443591e-06,1.96524974
1.47051716,-6.77080326e-06,1.8418847
1.47251716,-6.316232e-06,1.71822881
1.47451716,-5.86067388e-06,1.59430158
1.47651716,-5.40419029e-06,1.4701226
1.47851716,-4.94685331e-06,1.34571147
1.48051716,-4.48873517e-06,1.22108783
1.48251716,-4.0299082e-06,1.09627137
1.48451716,-3.57044486e-06,0.9712818
1.48651716,-3.11041771e-06,0.84613885
1.48851716,-2.64989939e-06,0.720862285
1.49051716,-2.18896261e-06,0.595471888
1.49251716,-1.72768018e-06,0.469987458
1.49451716,-1.26612492e-06,0.344428812
1.49651716,-8.04369722e-07,0.218815777
1.49851716,-3.42487507e-07,0.0931681885
1.50051716,1.19448792e-07,-0.0324941125
1.50251716,5.81366228e-07,-0.158151282
1.50451716,1.04319186e-06,-0.283783478
1.50651716,1.50485276e-06,-0.409370861
1.50851716,1.96627603e-06,-0.5348936
1.51051716,2.4273888e-06,-0.660331873
1.51251716,2.88811826e-06,-0.785665872
1.51451716,3.34839165e-06,-0.910875805
1.51651716,3.8081363e-06,-1.0359419
1.51851716,4.26727959e-06,-1.16084441
1.52051716,4.72574903e-06,-1.28556361
1.52251716,5.18347222e-06,-1.4100798
1.52451716,5.64043224e-06,-1.53437332
1.52651716,6.09673803e-06,-1.65842455
1.52851716,6.55243735e-06,-1.78221389
1.53051716,7.00774762e-06,-1.90572181
1.53251716,7.46268923e-06,-2.02892878
1.53451716,7.91756164e-06,-2.15181537
1.53651716,8.3723705e-06,-2.27436216
1.53851716,8.82760887e-06,-2.3965498
1.54051716,9.28321214e-06,-2.51835899
1.54251716,9.73968652e-06,-2.63977051
1.54451716,1.01964376e-05,-2.76076518
1.54651716,1.06539877e-05,-2.88132389
1.54851716,1.11124989e-05,-3.00142761
1.55051716,1.15714508e-05,-3.12105737
1.55251716,1.20322403e-05,-3.24019427
1.55451716,1.24943958e-05,-3.35881952
1.55651716,1.2958048e-05,-3.47691436
1.55851716,1.34233288e-05,-3.59446016
1.56051716,1.3890422e-05,-3.71143835
1.56251716,1.43595029e-05,-3.82783047
1.56451716,1.48306986e-05,-3.94361812
1.56651716,1.53054468e-05,-4.05878304
1.56851716,1.5781459e-05,-4.17330702
1.57051716,1.6258642e-05,-4.28717199
1.57251716,1.67414931e-05,-4.40035997
1.57451716,1.72258645e-05,-4.51285307
1.57651716,1.7713399e-05,-4.62463355
1.57851716,1.82024715e-05,-4.73568374
1.58051716,1.86967948e-05,-4.84598612
1.58251716,1.91948341e-05,-4.95552325
1.58451716,1.96967827e-05,-5.06427785
1.58651716,2.02028381e-05,-5.17223275
1.58851716,2.07132039e-05,-5.27937088
1.59051716,2.12280904e-05,-5.38567535
1.59251716,2.17477151e-05,-5.49112935
1.59451716,2.2272303e-05,-5.59571624
1.59651716,2.28020873e-05,-5.6994195
1.59851716,2.33373099e-05,-5.80222276
1.60051716,2.38782221e-05,-5.90410978
1.60251716,2.44250256e-05,-6.00506447
1.60451716,2.49779559e-05,-6.1050709
1.60651716,2.55373207e-05,-6.20411326
1.60851716,2.610713e-05,-6.30217592
1.61051716,2.66804308e-05,-6.39924339
1.61251716,2.72611123e-05,-6.49530035
1.61451716,2.78495182e-05,-6.59033162
1.61651716,2.84415531e-05,-6.68432221
1.61851716,2.9046297e-05,-6.77725726
1.62051716,2.96598718e-05,-6.86912211
1.62251716,3.02826923e-05,-6.95990224
1.62451716,3.09151921e-05,-7.04958332
1.62651716,3.15578288e-05,-7.13815119
1.62851716,3.2211086e-05,-7.22559187
1.63051716,3.28754756e-05,-7.31189154
1.63251716,3.355154e-05,-7.39703658
1.63451716,3.42398548e-05,-7.48101354
1.63651716,3.49481293e-05,-7.56380916
1.63851716,3.56557263e-05,-7.64541037
1.64051716,3.63846506e-05,-7.72580428
1.64251716,3.71285232e-05,-7.80497819
1.64451716,3.78881406e-05,-7.88291961
1.64651716,3.86643482e-05,-7.95961622
1.64851716,3.94580523e-05,-8.03505592
1.65051716,4.02702213e-05,-8.10922679
1.65251716,4.11018964e-05,-8.18211712
1.65451716,4.196505e-05,-8.2537154
1.65651716,4.28266078e-05,-8.32401032
1.65851716,4.37220037e-05,-8.39299078
1.66051716,4.4641241e-05,-8.4606459
1.66251716,4.55857979e-05,-8.52696497
1.66451716,4.65572708e-05,-8.59193755
1.66651716,4.75573979e-05,-8.65555335
1.66851716,4.85880763e-05,-8.71780234
1.67051716,4.96513809e-05,-8.7786747
1.67251716,5.07495868e-05,-8.83816079
1.67451716,5.19060496e-05,-8.89625124
1.67651716,5.30609335e-05,-8.95293687
1.67851716,5.42799373e-05,-9.00820872
1.68051716,5.5545506e-05,-9.06205808
1.68251716,5.6861401e-05,-9.11447643
1.68451716,5.82317956e-05,-9.16545549
1.68651716,5.96613554e-05,-9.21498723
1.68851716,6.11553137e-05,-9.26306381
1.69051716,6.27195618e-05,-9.30967765
1.69251716,6.4360756e-05,-9.35482139
1.69451716,6.6086447e-05,-9.39848788
1.69651716,6.79052366e-05,-9.44067025
1.69851716,6.9826967e-05,-9.48136183
1.70051716,7.18629538e-05,-9.52055619
1.70251716,7.40262728e-05,-9.55824714
1.70451716,7.64100202e-05,-9.59442873
1.70651716,7.88857164e-05,-9.62909526
1.70851716,8.15442749e-05,-9.66224124
1.71051716,8.44108146e-05,-9.69386143
1.71251716,8.75153368e-05,-9.72395086
1.71451716,9.08939687e-05,-9.75250476
1.71651716,9.45906065e-05,-9.77951863
1.71851716,9.86591166e-05,-9.80498819
1.72051716,0.000103166328,-9.82890944
1.72251716,0.000108196167,-9.85127859
1.72451716,0.000113855488,-9.8720921
1.72651716,0.000120282443,-9.8913467
1.72851716,0.000127658828,-9.90903934
1.73051716,0.000136228745,-9.92516723
1.73251716,0.000146327741,-9.93972782
1.73451716,0.00015842997,-9.95271881
1.73651716,0.000173227906,-9.96413815
1.73851716,0.000191774169,-9.97398404
1.74051716,0.00021575042,-9.98225492
1.74251716,0.00024801943,-9.98894948
1.74451716,0.000293882287,-9.99406668
1.74651716,0.000364375646,-9.9976057
1.74851716,0.000486902598,-9.99956598
1.75051716,0.000753434605,-9.99994721
1.75076716,0.000809833545,-9.99988383
1.75126716,0.000957191963,-9.99968305
1.75139216,0.00100284216,-9.99961743
1.75164216,0.00110952753,-9.9994677
1.75214216,0.0014130023,-9.99909421
1.75215234,0.00142097047,-9.99908558
1.75217271,0.0014370083,-9.99906819
1.7521778,0.00144087651,-9.99906382
1.75218798,0.00144956531,-9.99905505
1.75220835,0.00146414308,-9.99903738
1.75224908,0.00148908572,-9.99900154
1.75233053,0.00154098542,-9.99892791
1.75249345,0.00165332426,-9.99877278
1.75281929,0.00170181704,-9.99843109
1.75319177,0.00170192353,-9.99798916
1.75363101,0.00170192506,-9.99739765
1.75450949,0.0017018324,-9.9959862
1.75626645,0.00170144802,-9.99224973
1.75826645,0.00170071367,-9.9865144
1.76026645,0.00169968638,-9.97920208
1.76226645,0.0016983676,-9.97031394
1.76426645,0.00169676211,-9.95985136
1.76626645,0.00169486662,-9.94781601
1.76826645,0.0016927922,-9.93420978
1.77026645,0.00169042107,-9.91903483
1.77226645,0.00168781259,-9.90229355
1.77426645,0.00168490022,-9.88398858
1.77626645,0.00168174449,-9.86412281
1.77826645,0.00167828192,-9.84269938
1.78026645,0.00167457712,-9.81972168
1.78051645,0.00167398553,-9.81674036
1.78101645,0.00167289752,-9.81070506
1.78201645,0.00167088643,-9.79834404
1.78401645,0.00166665629,-9.77246204
1.78601645,0.00166215869,-9.74503686
1.78801645,0.00165738987,-9.71607282
1.79001645,0.00165235026,-9.6855745
1.79201645,0.00164704035,-9.65354672
1.79401645,0.00164146071,-9.61999453
1.79426645,0.00164074504,-9.61569358
1.79476645,0.00163930252,-9.60702052
1.79576645,0.00163636235,-9.58939003
1.79776645,0.00163028196,-9.55299405
1.79976645,0.0016239306,-9.51508954
1.80176645,0.00161732161,-9.47568248
1.80376645,0.00161044369,-9.4347791
1.80576645,0.0016032979,-9.39238587
1.80776645,0.00159589361,-9.34850946
1.80801645,0.00159495372,-9.34292097
1.80851645,0.00159305364,-9.33167484
1.80951645,0.00158920462,-9.30890639
1.81151645,0.00158130754,-9.26226791
1.81351645,0.00157315575,-9.21416681
1.81551645,0.00156474678,-9.16461068
1.81751645,0.00155608211,-9.11360736
1.81951645,0.00154716333,-9.06116489
1.82151645,0.00153799209,-9.00729156
1.82351645,0.00152857011,-8.95199587
1.82551645,0.00151889916,-8.89528656
1.82751645,0.00150898106,-8.83717258
1.82951645,0.00149881771,-8.77766311
1.83151645,0.00148841104,-8.71676754
1.83351645,0.001477763,-8.6544955
1.83551645,0.00146687561,-8.59085681
1.83751645,0.00145575092,-8.52586152
1.83951645,0.00144439102,-8.4595199
1.84151645,0.00143279804,-8.39184243
1.84351645,0.00142097415,-8.32283978
1.84551645,0.00140892155,-8.25252287
1.84751645,0.00139664248,-8.18090278
1.84951645,0.00138413921,-8.10799083
1.85151645,0.00137141404,-8.03379854
1.85351645,0.00135846933,-7.95833762
1.85551645,0.00134530741,-7.88161999
1.85751645,0.00133193066,-7.80365775
1.85951645,0.00131834146,-7.72446323
1.86151645,0.00130454226,-7.64404893
1.86351645,0.00129053553,-7.56242754
1.86551645,0.00127632373,-7.47961196
1.86751645,0.0012620734,-7.39561525
1.86951645,0.00124764604,-7.3104507
1.87151645,0.00123301348,-7.22413174
1.87351645,0.0012181807,-7.13667201
1.87551645,0.00120314803,-7.04808531
1.87751645,0.00118791858,-6.95838564
1.87951645,0.00117249482,-6.86758716
1.88151645,0.00115687927,-6.77570421
1.88351645,0.00114107447,-6.68275129
1.88376645,0.001139085,-6.67105768
1.88426645,0.00113509873,-6.64762109
1.88526645,0.00112709141,-6.60055133
1.88726645,0.00111093949,-6.50563193
1.88926645,0.00109460526,-6.40968521
1.89126645,0.00107809234,-6.31272633
1.89326645,0.00106140362,-6.2147706
1.89526645,0.0010445418,-6.11583349
1.89726645,0.00102750971,-6.01593061
1.89926645,0.00101031108,-5.91507775
1.90126645,0.000992949442,-5.81329083
1.90326645,0.000975427507,-5.71058592
1.90526645,0.000957748171,-5.60697925
1.90726645,0.000939914379,-5.50248717
1.90926645,0.000921929096,-5.39712618
1.91126645,0.000903795312,-5.29091292
1.91326645,0.000885516047,-5.18386417
1.91526645,0.000867094995,-5.07599683
1.91726645,0.000848535598,-4.96732792
1.91926645,0.000829840659,-4.85787462
1.92126645,0.000811013239,-4.7476542
1.92326645,0.000792056415,-4.63668407
1.92526645,0.000772974431,-4.52498176
1.92726645,0.000753770913,-4.4125649
1.92926645,0.000734448356,-4.29945125
1.93126645,0.000715009825,-4.18565866
1.93326645,0.000695458389,-4.0712051
1.93526645,0.000675797135,-3.95610866
1.93726645,0.000656029169,-3.8403875
1.93926645,0.000636157612,-3.7240599
1.94126645,0.000616185601,-3.60714423
1.94326645,0.000596116291,-3.48965895
1.94526645,0.00057595285,-3.37162261
1.94726645,0.000555698463,-3.25305385
1.94926645,0.000535356328,-3.13397139
1.95126645,0.000514929657,-3.01439405
1.95326645,0.000494421676,-2.8943407
1.95526645,0.000473835624,-2.7738303
1.95726645,0.00045317475,-2.65288188
1.95926645,0.000432442318,-2.53151453
1.96126645,0.000411641601,-2.40974744
1.96326645,0.000390775885,-2.28759981
1.96526645,0.000369848463,-2.16509095
1.96726645,0.000348862641,-2.04224019
1.96926645,0.000327821732,-1.91906694
1.97126645,0.00030672906,-1.79559065
1.97326645,0.000285587954,-1.67183081
1.97526645,0.000264401754,-1.54780698
1.97726645,0.000243173804,-1.42353872
1.97926645,0.000221907457,-1.29904567
1.98126645,0.000200606071,-1.17434749
1.98326645,0.00017927301,-1.04946386
1.98526645,0.000157911642,-0.924414515
1.98726645,0.000136525341,-0.799219191
1.98926645,0.000115117484,-0.67389766
1.99126645,9.36914507e-05,-0.548469714
1.99326645,7.22506252e-05,-0.422955158
1.99526645,5.07983932e-05,-0.297373812
1.99726645,2.93381421e-05,-0.171745508
1.99926645,7.87326071e-06,-0.0460900827
2.00126645,-1.35928615e-05,0.0795726205
2.00326645,-3.50568347e-05,0.205222758
2.00526645,-5.65152695e-05,0.330840489
2.00726645,-7.79647775e-05,0.456405976
2.00926645,-9.94019715e-05,0.581899392
2.01126645,-0.000120823466,0.707300918
2.01326645,-0.00014222588,0.832590754
2.01526645,-0.000163605831,0.957749114
2.01726645,-0.000184959992,1.08275623
2.01926645,-0.000206285347,1.20759237
2.02126645,-0.000227578849,1.33223782
2.02326645,-0.000248837504,1.45667289
2.02526645,-0.000270058118,1.58087794
2.02726645,-0.000291237551,1.70483335
2.02926645,-0.000311646628,1.82851954
2.03126645,-0.000327877269,1.95191699
2.03326645,-0.000337058531,2.07500621
2.03526645,-0.000339495432,2.19776776
2.03726645,-0.00033549705,2.32018226
2.03926645,-0.000327481467,2.44223038
2.04126645,-0.000315863218,2.56389284
2.04326645,-0.0003021733,2.68515043
2.04526645,-0.000287430451,2.805984
2.04726645,-0.000272398604,2.92637448
2.04926645,-0.000257609306,3.04630285
2.05126645,-0.000243405321,3.16575017
2.05326645,-0.000229987523,3.28469758
2.05526645,-0.000217456206,3.4031263
2.05726645,-0.000205843852,3.52101763
2.05926645,-0.000195139439,3.63835295
2.06126645,-0.000185305655,3.75511373
2.06326645,-0.000176290648,3.87128154
2.06526645,-0.000168035785,3.98683802
2.06726645,-0.000160480614,4.10176494
2.06926645,-0.000153565903,4.21604414
2.07126645,-0.0001472354,4.32965758
2.07326645,-0.000141436759,4.44258731
2.07526645,-0.000136121926,4.55481551
2.07726645,-0.000131247194,4.66632445
2.07926645,-0.000126773061,4.77709652
2.08126645,-0.000122663983,4.88711424
2.08326645,-0.000118888061,4.99636022
2.08526645,-0.000115416349,5.10481722
2.08726645,-0.000112222702,5.21246811
2.08926645,-0.00010928366,5.31929589
2.09126645,-0.000106577981,5.4252837
2.09326645,-0.000104086652,5.53041478
2.09526645,-0.000101792441,5.63467255
2.09726645,-9.96798876e-05,5.73804054
2.09926645,-9.77352507e-05,5.84050243
2.10126645,-9.59460774e-05,5.94204204
2.10326645,-9.43010467e-05,6.04264332
2.10526645,-9.27898397e-05,6.14229041
2.10726645,-9.14030274e-05,6.24096755
2.10926645,-9.0131956e-05,6.33865917
2.11126645,-8.89686173e-05,6.43534985
2.11326645,-8.78194676e-05,6.53102431
2.11526645,-8.68552998e-05,6.62566744
2.11726645,-8.59776187e-05,6.71926431
2.11926645,-8.51802079e-05,6.81180013
2.12126645,-8.44572606e-05,6.90326028
2.12326645,-8.3802154e-05,6.99363033
2.12526645,-8.32088082e-05,7.082896
2.12726645,-8.26723865e-05,7.1710432
2.12926645,-8.21877988e-05,7.25805801
2.13126645,-8.17500755e-05,7.34392669
2.13326645,-8.13542481e-05,7.42863568
2.13526645,-8.09954516e-05,7.5121716
2.13726645,-8.06690176e-05,7.59452126
2.13926645,-8.0370345e-05,7.67567166
2.14126645,-8.00949151e-05,7.75560998
2.14326645,-7.98383185e-05,7.8343236
2.14526645,-7.95962532e-05,7.91180009
2.14726645,-7.93645639e-05,7.98802722
2.14926645,-7.91392985e-05,8.06299294
2.15126645,-7.89166926e-05,8.13668543
2.15326645,-7.86932033e-05,8.20909303
2.15526645,-7.84655367e-05,8.28020433
2.15726645,-7.82306718e-05,8.35000808
2.15926645,-7.79858828e-05,8.41849327
2.16126645,-7.77287444e-05,8.48564909
2.16326645,-7.74571573e-05,8.55146492
2.16526645,-7.71693696e-05,8.61593037
2.16726645,-7.68824997e-05,8.67903528
2.16926645,-7.6539483e-05,8.74076966
2.17126645,-7.61960408e-05,8.80112377
2.17326645,-7.58325359e-05,8.86008808
2.17526645,-7.54489399e-05,8.91765328
2.17726645,-7.54866688e-05,8.97381028
2.17926645,-7.54789243e-05,9.02855022
2.18126645,-7.54332922e-05,9.08186443
2.18326645,-7.53362338e-05,9.13374452
2.18526645,-7.52018092e-05,9.18418229
2.18726645,-7.50282549e-05,9.23316976
2.18926645,-7.48176953e-05,9.28069921
2.19126645,-7.45723425e-05,9.32676313
2.19326645,-7.43009256e-05,9.37135425
2.19351645,-7.42638245e-05,9.37682423
2.19401645,-7.41886897e-05,9.38769476
2.19501645,-7.40328707e-05,9.40915777
2.19701645,-7.36930546e-05,9.45096859
2.19901645,-7.33332701e-05,9.49128698
2.19926645,-7.32880472e-05,9.49622153
2.19976645,-7.31988051e-05,9.50602031
2.19989145,-7.31739431e-05,9.50845535
2.20014145,-7.31272859e-05,9.51330783
2.20064145,-7.3029882e-05,9.52294237
2.20164145,-7.28322115e-05,9.54192938
2.20364145,-7.24117859e-05,9.57877257
2.20564145,-7.19787801e-05,9.61410317
2.20764145,-7.15275232e-05,9.64791558
2.20964145,-7.10595176e-05,9.68020448
2.21164145,-7.05762787e-05,9.71096476
2.21364145,-7.00792222e-05,9.74019156
2.21389145,-7.00248542e-05,9.74373686
2.21439145,-6.98982472e-05,9.75075532
2.21539145,-6.96427971e-05,9.76450346
2.21739145,-6.91145959e-05,9.79084275
2.21939145,-6.85847567e-05,9.81563596
2.22139145,-6.80457918e-05,9.83887916
2.22339145,-6.75084405e-05,9.86056869
2.22539145,-6.69463125e-05,9.88070113
2.22739145,-6.63865791e-05,9.89927328
2.22939145,-6.58212687e-05,9.91628223
2.23139145,-6.5259902e-05,9.93172528
2.23339145,-6.46766064e-05,9.94559999
2.23539145,-6.40982911e-05,9.95790418
2.23739145,-6.35168652e-05,9.9686359
2.23939145,-6.29327714e-05,9.97779346
2.23964145,-6.28680446e-05,9.9788274
2.24014145,-6.27215818e-05,9.9808214
2.24114145,-6.24282785e-05,9.98451387
2.24314145,-6.1832018e-05,9.99071617
2.24514145,-6.1242619e-05,9.99534082
2.24714145,-6.06521594e-05,9.99838709
2.24914145,-6.00609228e-05,9.9998545
2.25114145,-5.94692083e-05,9.99974282
2.25139145,-5.94030469e-05,9.99961782
2.25145395,-5.93843109e-05,9.99958272
2.25157895,-5.93475388e-05,9.99950789
2.2516102,-5.93382547e-05,9.99948822
2.2516727,-5.93198119e-05,9.99944772
2.25168833,-5.93151784e-05,9.99943735
2.25171958,-5.93059428e-05,9.99941633
2.25172739,-5.93036282e-05,9.99941101
2.25174301,-5.92990069e-05,9.99940031
2.25174692,-5.92978501e-05,9.99939762
2.25175473,-5.92955385e-05,9.99939222
2.25177036,-5.92909133e-05,9.99938135
2.25180161,-5.92834795e-05,9.99935931
2.25186411,-5.92690565e-05,9.99931409
2.25198911,-5.92401919e-05,9.99921902
2.25223911,-5.91824087e-05,9.99901037
2.25273911,-5.9068778e-05,9.99851906
2.25373911,-5.88427832e-05,9.9972404
2.25573911,-5.83874569e-05,9.99349913
2.25598911,-5.83297865e-05,9.9929205
2.25648911,-5.82141689e-05,9.99168926
2.25661411,-5.81851695e-05,9.99136605
2.25686411,-5.81270406e-05,9.99070112
2.25692661,-5.8112367e-05,9.99053104
2.25705161,-5.80834574e-05,9.99018625
2.25730161,-5.80251303e-05,9.98947819
2.25780161,-5.79083788e-05,9.98798812
2.25880161,-5.76722708e-05,9.98471227
2.26080161,-5.7193426e-05,9.97697817
2.26280161,-5.6710773e-05,9.9676686
2.26480161,-5.6221662e-05,9.95678501
2.26680161,-5.57325514e-05,9.94432913
2.26880161,-5.52293448e-05,9.93030292
2.26905161,-5.51710332e-05,9.92843934
2.26955161,-5.50453601e-05,9.92463869
2.27055161,-5.4793071e-05,9.91674357
2.27255161,-5.42803906e-05,9.89977917
2.27455161,-5.37676548e-05,9.88125148
2.27655161,-5.3250867e-05,9.86116343
2.27855161,-5.27303514e-05,9.83951819
2.28055161,-5.22064551e-05,9.81631917
2.28255161,-5.16795128e-05,9.79157004
2.28455161,-5.11498461e-05,9.76527471
2.28655161,-5.06177639e-05,9.73743732
2.28855161,-5.00835625e-05,9.70806229
2.29055161,-4.96176073e-05,9.67715424
2.29255161,-4.9171581e-05,9.64471805
2.29455161,-4.87267834e-05,9.61075885
2.29655161,-4.82721843e-05,9.575282
2.29855161,-4.78165138e-05,9.5382931
2.30055161,-4.73571586e-05,9.499798
2.30255161,-4.68943013e-05,9.45980276
2.30280161,-4.68391315e-05,9.45469819
2.30330161,-4.67228041e-05,9.44441908
2.30430161,-4.64895327e-05,9.42358132
2.30630161,-4.60272325e-05,9.38079056
2.30830161,-4.55592512e-05,9.33651845
2.31030161,-4.50911101e-05,9.29077201
2.31230161,-4.46202156e-05,9.24355844
2.31430161,-4.41467224e-05,9.19488521
2.31630161,-4.36708031e-05,9.14476
2.31830161,-4.31926268e-05,9.09319073
2.32030161,-4.27123585e-05,9.04018553
2.32230161,-4.22301589e-05,8.98575279
2.32430161,-4.1749061e-05,8.92990109
2.32630161,-4.12634022e-05,8.87263926
2.32830161,-4.07735923e-05,8.81397633
2.33030161,-4.02851727e-05,8.75392158
2.33230161,-3.97955836e-05,8.69248448
2.33430161,-3.93049407e-05,8.62967473
2.33630161,-3.88133745e-05,8.56550226
2.33830161,-3.83210116e-05,8.4999772
2.34030161,-3.78279739e-05,8.43310989
2.34230161,-3.73370091e-05,8.3649109
2.34430161,-3.68403782e-05,8.29539099
2.34630161,-3.63485636e-05,8.22456114
2.34830161,-3.58514115e-05,8.15243254
2.35030161,-3.53566509e-05,8.07901658
2.35230161,-3.48648234e-05,8.00432484
2.35430161,-3.43696094e-05,7.92836913
2.35630161,-3.3872558e-05,7.85116144
2.35830161,-3.33805401e-05,7.77271395
2.36030161,-3.28996459e-05,7.69303907
2.36230161,-3.24207962e-05,7.61214937
2.36255161,-3.23630699e-05,7.60195337
2.36305161,-3.22437084e-05,7.58150513
2.36405161,-3.20048469e-05,7.54038438
2.36605161,-3.15247586e-05,7.45725147
2.36805161,-3.10460473e-05,7.37294097
2.37005161,-3.05669418e-05,7.28746619
2.37205161,-3.00875313e-05,7.20084065
2.37405161,-2.96079026e-05,7.113078
2.37605161,-2.91281402e-05,7.02419212
2.37805161,-2.86483234e-05,6.93419704
2.38005161,-2.81722138e-05,6.84310696
2.38205161,-2.76933738e-05,6.75093628
2.38230161,-2.76354417e-05,6.73933969
2.38280161,-2.75161781e-05,6.71609665
2.38380161,-2.72924249e-05,6.66941194
2.38580161,-2.6861195e-05,6.57525449
2.38780161,-2.64298729e-05,6.48005873
2.38980161,-2.59951066e-05,6.38383969
2.39180161,-2.5559419e-05,6.28661257
2.39380161,-2.51220152e-05,6.18839272
2.39580161,-2.468292e-05,6.08919565
2.39780161,-2.42421486e-05,5.98903703
2.39980161,-2.37997191e-05,5.88793266
2.40005161,-2.374501e-05,5.87522891
2.40055161,-2.36340951e-05,5.84977796
2.40155161,-2.34119562e-05,5.79870309
2.40355161,-2.29658204e-05,5.69586862
2.40555161,-2.25187859e-05,5.5921347
2.40755161,-2.20702038e-05,5.48751772
2.40955161,-2.16200969e-05,5.3820342
2.41155161,-2.11684897e-05,5.27570079
2.41355161,-2.07154063e-05,5.16853429
2.41555161,-2.02608704e-05,5.06055161
2.41755161,-1.98049053e-05,4.95176982
2.41955161,-1.93475338e-05,4.84220608
2.42155161,-1.88887781e-05,4.73187771
2.42355161,-1.84286604e-05,4.62080211
2.42555161,-1.79672021e-05,4.50899684
2.42755161,-1.75044246e-05,4.39647954
2.42955161,-1.70403486e-05,4.28326799
2.43155161,-1.65749946e-05,4.16938007
2.43355161,-1.61083827e-05,4.05483374
2.43555161,-1.56405326e-05,3.93964712
2.43755161,-1.51714636e-05,3.82383837
2.43955161,-1.47011948e-05,3.7074258
2.44155161,-1.42297448e-05,3.59042778
2.44355161,-1.37570682e-05,3.4728628
2.44555161,-1.32831417e-05,3.3547494
2.44755161,-1.28080073e-05,3.23610626
2.44955161,-1.23316926e-05,3.11695209
2.45155161,-1.18542252e-05,2.99730572
2.45355161,-1.13756319e-05,2.87718605
2.45555161,-1.08959392e-05,2.75661203
2.45755161,-1.04151728e-05,2.63560271
2.45955161,-9.93335821e-06,2.5141772
2.46155161,-9.45052022e-06,2.39235467
2.46355161,-8.96668321e-06,2.27015436
2.46555161,-8.48187112e-06,2.14759557
2.46755161,-7.99610741e-06,2.02469764
2.46955161,-7.50941512e-06,1.90148
2.47155161,-7.02164534e-06,1.77796208
2.47355161,-6.53272977e-06,1.65416341
2.47555161,-6.0427844e-06,1.53010352
2.47755161,-5.55188481e-06,1.40580202
2.47955161,-5.06010851e-06,1.28127852
2.48155161,-4.56753316e-06,1.15655269
2.48355161,-4.07423654e-06,1.03164423
2.48555161,-3.58029655e-06,0.906572863
2.48755161,-3.0857912e-06,0.781358336
2.48955161,-2.59079855e-06,0.656020423
2.49155161,-2.09539679e-06,0.530578917
2.49355161,-1.59966415e-06,0.405053626
2.49555161,-1.10367889e-06,0.279464373
2.49755161,-6.07519355e-07,0.153830989
2.49955161,-1.11263882e-07,0.028173313
2.50155161,3.85009161e-07,-0.0974888116
2.50355161,8.81221408e-07,-0.223135542
2.50555161,1.3772945e-06,-0.348747036
2.50755161,1.8731501e-06,-0.474303459
2.50955161,2.36870991e-06,-0.599784984
2.51155161,2.86389568e-06,-0.725171796
2.51355161,3.3586292e-06,-0.850444095
2.51555161,3.85283236e-06,-0.975582099
2.51755161,4.34642711e-06,-1.10056605
2.51955161,4.83933551e-06,-1.2253762
2.52155161,5.33147972e-06,-1.34999286
2.52355161,5.82278203e-06,-1.47439633
2.52555161,6.31325567e-06,-1.59856699
2.52755161,6.80300689e-06,-1.7224852
2.52955161,7.29203418e-06,-1.84613142
2.53155161,7.78054386e-06,-1.96948612
2.53355161,8.2687022e-06,-2.0925298
2.53555161,8.75689747e-06,-2.21524306
2.53755161,9.24501606e-06,-2.3376065
2.53955161,9.73359662e-06,-2.45960081
2.54155161,1.0222996e-05,-2.58120671
2.54355161,1.07127591e-05,-2.70240502
2.54555161,1.12028566e-05,-2.82317658
2.54755161,1.16943977e-05,-2.94350233
2.54955161,1.2187072e-05,-3.06336327
2.55155161,1.26810191e-05,-3.18274046
2.55355161,1.31763792e-05,-3.30161507
2.55555161,1.36732939e-05,-3.41996831
2.55755161,1.41719058e-05,-3.5377815
2.55955161,1.4672359e-05,-3.65503603
2.56155161,1.51760193e-05,-3.77171339
2.56355161,1.56809379e-05,-3.88779516
2.56555161,1.6188374e-05,-4.00326299
2.56755161,1.6698516e-05,-4.11809866
2.56955161,1.72115626e-05,-4.23228404
2.57155161,1.77260895e-05,-4.34580109
2.57355161,1.82454178e-05,-4.45863189
2.57555161,1.87682184e-05,-4.57075862
2.57755161,1.92946886e-05,-4.68216357
2.57955161,1.98250292e-05,-4.79282916
2.58155161,2.03594465e-05,-4.9027379
2.58355161,2.08981522e-05,-5.01187244
2.58555161,2.1441364e-05,-5.12021555
2.58755161,2.19893062e-05,-5.22775012
2.58955161,2.25422099e-05,-5.33445917
2.59155161,2.31003138e-05,-5.44032584
2.59355161,2.36638645e-05,-5.54533343
2.59555161,2.42331171e-05,-5.64946534
2.59755161,2.4808336e-05,-5.75270513
2.59955161,2.5393131e-05,-5.85503651
2.60155161,2.59812928e-05,-5.9564433
2.60355161,2.65726501e-05,-6.05690951
2.60555161,2.71784784e-05,-6.15641926
2.60755161,2.77841478e-05,-6.25495684
2.60955161,2.84014753e-05,-6.35250669
2.61155161,2.9031363e-05,-6.4490534
2.61355161,2.96656363e-05,-6.54458174
2.61555161,3.03088715e-05,-6.63907661
2.61755161,3.09614807e-05,-6.73252309
2.61955161,3.1618643e-05,-6.82490643
2.62155161,3.22909948e-05,-6.91621204
2.62355161,3.29739163e-05,-7.00642549
2.62555161,3.36679248e-05,-7.09553256
2.62755161,3.4373535e-05,-7.18351915
2.62955161,3.50912896e-05,-7.27037138
2.63155161,3.58217625e-05,-7.35607554
2.63355161,3.65655614e-05,-7.44061809
2.63555161,3.73233302e-05,-7.52398568
2.63755161,3.80957525e-05,-7.60616514
2.63955161,3.88835484e-05,-7.6871435
2.64155161,3.96874848e-05,-7.76690798
2.64355161,4.05083855e-05,-7.84544596
2.64555161,4.13471302e-05,-7.92274506
2.64755161,4.22046589e-05,-7.99879307
2.64955161,4.30819782e-05,-8.07357798
2.65155161,4.39801677e-05,-8.14708797
2.65355161,4.49003866e-05,-8.21931145
2.65555161,4.58565762e-05,-8.290237
2.65755161,4.68254219e-05,-8.35985342
2.65955161,4.78061955e-05,-8.42814973
2.66155161,4.88280797e-05,-8.49511514
2.66355161,4.98793118e-05,-8.56073906
2.66555161,5.09617482e-05,-8.62501115
2.66755161,5.20773971e-05,-8.68792125
2.66955161,5.32284475e-05,-8.74945943
2.67155161,5.44172907e-05,-8.80961596
2.67355161,5.56465453e-05,-8.86838135
2.67555161,5.69190849e-05,-8.92574633
2.67755161,5.82380712e-05,-8.98170182
2.67955161,5.96069923e-05,-9.036239
2.68155161,6.10297062e-05,-9.08934925
2.68355161,6.2509867e-05,-9.14102419
2.68555161,6.40516259e-05,-9.19125566
2.68755161,6.56602546e-05,-9.24003572
2.68955161,6.73415429e-05,-9.28735667
2.69155161,6.91019973e-05,-9.33321104
2.69355161,7.09489618e-05,-9.37759159
2.69555161,7.28907606e-05,-9.42049131
2.69755161,7.49368696e-05,-9.46190342
2.69955161,7.70981271e-05,-9.50182139
2.70155161,7.93869918e-05,-9.54023891
2.70355161,8.1817862e-05,-9.57714991
2.70555161,8.44941259e-05,-9.61254858
2.70755161,8.727265e-05,-9.64642931
2.70955161,9.02544395e-05,-9.67878675
2.71155161,9.34672808e-05,-9.70961581
2.71355161,9.69444352e-05,-9.7389116
2.71555161,0.000100726068,-9.76666951
2.71755161,0.00010486115,-9.79288514
2.71955161,0.000109410024,-9.81755437
2.72155161,0.000114447921,-9.84067329
2.72355161,0.000120069875,-9.86223826
2.72555161,0.000126397707,-9.88224586
2.72755161,0.000133590199,-9.90069294
2.72955161,0.000141858272,-9.91757659
2.73155161,0.000151488318,-9.93289413
2.73355161,0.000162879261,-9.94664316
2.73555161,0.000176603847,-9.9588215
2.73755161,0.000193514833,-9.96942722
2.73955161,0.00021493985,-9.97845866
2.74155161,0.000243065207,-9.98591438
2.74355161,0.000281763642,-9.99179321
2.74555161,0.000338608078,-9.99609422
2.74755161,0.000430675935,-9.99881673
2.74955161,0.000606273216,-9.99996031
2.75155161,0.00107640948,-9.99952479
2.75355161,0.00171704255,-9.99751022
2.75379664,0.00171696641,-9.99715483
2.7542867,0.00171690301,-9.99637298
2.75526683,0.00171692949,-9.99452494
2.75722709,0.00171679136,-9.98969182
2.75922709,0.00171638496,-9.98319891
2.76122709,0.00171570727,-9.97512953
2.76322709,0.00171473938,-9.96548497
2.76522709,0.00171351087,-9.95426674
2.76722709,0.00171200168,-9.94147662
2.76922709,0.0017102087,-9.92711662
2.77122709,0.00170812843,-9.91118901
2.77322709,0.00170575723,-9.89369631
2.77522709,0.00170309136,-9.87464129
2.77722709,0.00170012704,-9.85402694
2.77922709,0.00169686048,-9.83185653
2.78122709,0.00169328801,-9.80813355
2.78322709,0.00168940608,-9.78286176
2.78522709,0.00168521144,-9.75604514
2.78722709,0.00168070118,-9.72768792
2.78922709,0.00167587285,-9.69779459
2.79122709,0.00167072451,-9.66636987
2.79322709,0.00166527614,-9.63341872
2.79522709,0.00165948729,-9.59894633
2.79722709,0.00165339309,-9.56295817
2.79922709,0.00164699559,-9.5254599
2.80122709,0.00164025907,-9.48645744
2.80322709,0.00163322276,-9.44595697
2.80522709,0.00162587845,-9.40396487
2.80722709,0.00161822965,-9.36048778
2.80922709,0.00161029496,-9.31553256
2.80947709,0.00160928004,-9.30980958
2.80997709,0.00160723744,-9.29829471
2.81097709,0.00160309728,-9.27498978
2.81297709,0.00159458489,-9.22728239
2.81497709,0.00158579931,-9.17811789
2.81697709,0.00157673357,-9.12750407
2.81897709,0.00156739257,-9.0754489
2.82097709,0.00155778173,-9.02196062
2.82297709,0.0015479064,-8.96704766
2.82497709,0.00153777176,-8.91071871
2.82697709,0.00152738288,-8.85298265
2.82897709,0.0015167447,-8.7938486
2.83097709,0.0015058619,-8.7333259
2.83297709,0.00149473887,-8.6714241
2.83497709,0.00148337993,-8.60815299
2.83697709,0.00147178914,-8.54352255
2.83897709,0.00145997029,-8.47754299
2.84097709,0.00144792701,-8.41022473
2.84297709,0.00143566274,-8.34157839
2.84497709,0.00142318074,-8.27161483
2.84697709,0.00141048412,-8.20034508
2.84897709,0.00139757584,-8.1277804
2.85097709,0.00138445872,-8.05393224
2.85297709,0.00137113757,-7.97881228
2.85497709,0.00135761686,-7.90243238
2.85697709,0.00134426757,-7.82480458
2.85897709,0.00133075188,-7.74594116
2.86097709,0.00131702082,-7.66585457
2.86297709,0.00130307755,-7.58455745
2.86497709,0.00128892438,-7.50206264
2.86697709,0.00127456332,-7.41838316
2.86897709,0.00125999705,-7.33353224
2.86922709,0.00125816183,-7.32284417
2.86972709,0.0012544822,-7.30141386
2.87072709,0.00124708509,-7.25833726
2.87272709,0.00123214086,-7.17132613
2.87472709,0.00121699857,-7.08318256
2.87672709,0.00120166182,-6.99392048
2.87872709,0.00118613409,-6.90355397
2.88072709,0.00117041784,-6.81209732
2.88272709,0.0011545163,-6.71956495
2.88472709,0.0011384327,-6.62597149
2.88672709,0.001122172,-6.53133171
2.88872709,0.00110573419,-6.43566056
2.89072709,0.00108912178,-6.33897314
2.89272709,0.0010723374,-6.24128473
2.89472709,0.00105538369,-6.14261074
2.89672709,0.00103826333,-6.04296677
2.89872709,0.00102097903,-5.94236854
2.90072709,0.00100353351,-5.84083194
2.90272709,0.000985929533,-5.73837301
2.90472709,0.000968170151,-5.63500792
2.90672709,0.000950257328,-5.53075299
2.90872709,0.000932194734,-5.4256247
2.91072709,0.000913984948,-5.31963964
2.91272709,0.000895630836,-5.21281454
2.91472709,0.000877135307,-5.10516629
2.91672709,0.000858501269,-4.99671186
2.91872709,0.000839731673,-4.8874684
2.92072709,0.000820829481,-4.77745315
2.92272709,0.00080179768,-4.66668349
2.92472709,0.000782639267,-4.5551769
2.92672709,0.000763357275,-4.44295099
2.92872709,0.0007439549,-4.3300235
2.93072709,0.000724434749,-4.21641224
2.93272709,0.000704800355,-4.10213516
2.93472709,0.000685054673,-3.98721031
2.93672709,0.000665200821,-3.87165583
2.93872709,0.000645241931,-3.75548997
2.94072709,0.000625181159,-3.63873107
2.94272709,0.000605021665,-3.52139758
2.94472709,0.000584766714,-3.40350802
2.94672709,0.000564419347,-3.285081
2.94872709,0.00054398286,-3.16613523
2.95072709,0.000523460478,-3.0466895
2.95272709,0.000502855441,-2.92676265
2.95472709,0.000482171003,-2.80637364
2.95672709,0.00046141043,-2.68554146
2.95872709,0.000440577,-2.56428521
2.96072709,0.000419674004,-2.44262403
2.96272709,0.000398704741,-2.32057713
2.96472709,0.000377672524,-2.19816378
2.96672709,0.000356580673,-2.07540332
2.96872709,0.000335432518,-1.95231513
2.97072709,0.000314231401,-1.82891864
2.97272709,0.000292980667,-1.70523335
2.97472709,0.000271683674,-1.58127878
2.97672709,0.000250343783,-1.45707451
2.97872709,0.000228964365,-1.33264015
2.98072709,0.000207548796,-1.20799535
2.98272709,0.000186100457,-1.08315979
2.98472709,0.000164622736,-0.958153192
2.98672709,0.000143119023,-0.832995289
2.98872709,0.000121592715,-0.707705846
2.99072709,0.00010004721,-0.582304648
2.99272709,7.84859113e-05,-0.456811498
2.99472709,5.69122231e-05,-0.331246212
2.99672709,3.53295522e-05,-0.205628618
2.99872709,1.37413067e-05,-0.0799785529
3.0,-8.63814493e-13,-7.347880790000001e-15
